{"cameraMode":{"drawMode":0,"name":"Shaded","section":"Shading Mode"},"sceneLighting":false,"audioPlay":false,"sceneViewState":{"m_AlwaysRefresh":false,"showFog":true,"showSkybox":false,"showFlares":true,"showImageEffects":true,"showParticleSystems":true,"showVisualEffectGraphs":true,"m_FxEnabled":true},"in2DMode":false,"pivot":{"x":1.2434628009796143,"y":1.8473114967346192,"z":-10.419734001159668},"rotation":{"x":0.14620155096054078,"y":-0.27504464983940127,"z":0.0423850417137146,"w":0.9493370652198792},"size":0.4330126941204071,"orthographic":false}