{"cameraMode":{"drawMode":0,"name":"Shaded","section":"Shading Mode"},"sceneLighting":false,"audioPlay":false,"sceneViewState":{"m_AlwaysRefresh":false,"showFog":true,"showSkybox":false,"showFlares":true,"showImageEffects":true,"showParticleSystems":true,"showVisualEffectGraphs":true,"m_FxEnabled":true},"in2DMode":false,"pivot":{"x":-0.01534271240234375,"y":-0.0800323486328125,"z":-0.011359214782714844},"rotation":{"x":0.2496539056301117,"y":-0.010574369691312313,"z":0.0026423681993037464,"w":0.9683325290679932},"size":7.731688022613525,"orthographic":false}