{"cameraMode":{"drawMode":0,"name":"Shaded","section":"Shading Mode"},"sceneLighting":true,"audioPlay":false,"sceneViewState":{"m_AlwaysRefresh":false,"showFog":true,"showSkybox":true,"showFlares":true,"showImageEffects":true,"showParticleSystems":true,"showVisualEffectGraphs":true,"m_FxEnabled":true},"in2DMode":false,"pivot":{"x":389.2755126953125,"y":84.39826965332031,"z":8.886260986328125},"rotation":{"x":0.034782882779836658,"y":0.03596692159771919,"z":-0.0012330652680248023,"w":0.9987760186195374},"size":214.6148223876953,"orthographic":false}