{"cameraMode":{"drawMode":0,"name":"Shaded","section":"Shading Mode"},"sceneLighting":true,"audioPlay":false,"sceneViewState":{"m_AlwaysRefresh":false,"showFog":true,"showSkybox":true,"showFlares":true,"showImageEffects":true,"showParticleSystems":true,"showVisualEffectGraphs":true,"m_FxEnabled":true},"in2DMode":false,"pivot":{"x":341.50555419921877,"y":89.83102416992188,"z":9.50968074798584},"rotation":{"x":0.02729521505534649,"y":-0.029989922419190408,"z":0.0008401357918046415,"w":0.9992061853408814},"size":181.432861328125,"orthographic":false}