{"cameraMode":{"drawMode":0,"name":"Shaded","section":"Shading Mode"},"sceneLighting":true,"audioPlay":false,"sceneViewState":{"m_AlwaysRefresh":false,"showFog":true,"showSkybox":true,"showFlares":true,"showImageEffects":true,"showParticleSystems":true,"showVisualEffectGraphs":true,"m_FxEnabled":true},"in2DMode":false,"pivot":{"x":-0.29017719626426699,"y":-0.5929503440856934,"z":-9.433036804199219},"rotation":{"x":0.6467621326446533,"y":0.00039207813097164035,"z":-0.00030261167557910085,"w":0.7627242207527161},"size":0.8660253882408142,"orthographic":false}