{"cameraMode":{"drawMode":0,"name":"Shaded","section":"Shading Mode"},"sceneLighting":true,"audioPlay":false,"sceneViewState":{"m_AlwaysRefresh":false,"showFog":true,"showSkybox":true,"showFlares":true,"showImageEffects":true,"showParticleSystems":true,"showVisualEffectGraphs":true,"m_FxEnabled":true},"in2DMode":false,"pivot":{"x":250.80421447753907,"y":219.52130126953126,"z":23.018726348876954},"rotation":{"x":-0.013809546828269959,"y":0.002596823265776038,"z":-0.00003553399074007757,"w":-0.9999192357063294},"size":101.46743774414063,"orthographic":false}